Area,Delay,Score,Current Run,Episode,Verilog
7608.93,2659.47,0.1,2.0,1,"//Please finish designing the 32 bit multiplier module (multiplier_32) below.
//There are two 32 bit inputs (A and B) and a 64 bit output (product).
//The module should utilize the inputs (A and B) to determine the output product correctly in its implementation.
module multiplier_32(output [63:0] product, input [31:0] A, B);

    wire [63:0] product;
    wire [31:0] A;
    wire [31:0] B;

    assign product = A * B;

endmodule"
7608.93,2659.47,0.1,3.0,1,"//Please finish designing the 32 bit multiplier module (multiplier_32) below.
//There are two 32 bit inputs (A and B) and a 64 bit output (product).
//The module should utilize the inputs (A and B) to determine the output product correctly in its implementation.
module multiplier_32(output [63:0] product, input [31:0] A, B);

    wire [63:0] product;
    wire [31:0] A;
    wire [31:0] B;

    assign product = A * B;

endmodule"
7608.93,2659.47,0.1,4.0,1,"//Please finish designing the 32 bit multiplier module (multiplier_32) below.
//There are two 32 bit inputs (A and B) and a 64 bit output (product).
//The module should utilize the inputs (A and B) to determine the output product correctly in its implementation.
module multiplier_32(output [63:0] product, input [31:0] A, B);

    wire [63:0] product;
    wire [31:0] A;
    wire [31:0] B;

    assign product = A * B;

endmodule"
N/A,N/A,-0.1,5.0,1,"//Please finish designing the 32 bit multiplier module (multiplier_32) below.
//There are two 32 bit inputs (A and B) and a 64 bit output (product).
//The module should utilize the inputs (A and B) to determine the output product correctly in its implementation.
module multiplier_32(output [63:0] product, input [31:0] A, B);

endmodule"
7608.93,2659.47,0.1,6.0,1,"//Please finish designing the 32 bit multiplier module (multiplier_32) below.
//There are two 32 bit inputs (A and B) and a 64 bit output (product).
//The module should utilize the inputs (A and B) to determine the output product correctly in its implementation.
module multiplier_32(output [63:0] product, input [31:0] A, B);

    wire [63:0] product;
    wire [31:0] A;
    wire [31:0] B;

    assign product = A * B;

endmodule"
N/A,N/A,-1,7.0,1,"//Please finish designing the 32 bit multiplier module (multiplier_32) below.
//There are two 32 bit inputs (A and B) and a 64 bit output (product).
//The module should utilize the inputs (A and B) to determine the output product correctly in its implementation.
module multiplier_32(output [63:0] product, input [31:0] A, B);    
    reg [63:0] product;
    reg [31:0] A;
    reg [31:0] B;
    reg [31:0] temp;
    reg [31:0] temp2;
    reg [31:0] temp3;
    reg [31:0] temp4;
    reg [31:0] temp5;
    reg [31:0] temp6;
    reg [31:0] temp7;
    reg [31:0] temp8;
    reg [31:0] temp9;
    reg [31:0] temp10;
    reg [31:0] temp11;
    reg [31:0] temp12;
    reg [31:0] temp13;
    reg [31:0] temp14;
    reg [31:0] temp15;
    reg [31:0] temp16;
    reg [31:0] temp17;
    reg [31:0] temp18;
    reg [31:0] temp19;
    reg [31:0] temp20;
    reg [31:0] temp21;
    reg [31:0] temp22;
    reg [31:0] temp23;
    reg [31:0] temp24;
    reg [31:0] temp25;
    reg [31:0] temp26;
    reg [31:0] temp27;
    reg [31:0] temp28;
    reg [31:0] temp29;
    reg [31:0] temp30;
    reg [31:0] temp31;
    reg [31:0] temp32;
    reg [31:0] temp33;
    reg [31:0] temp34;
    reg [31:0] temp35;
    reg [31:0] temp36;
    reg [31:0] temp37;
    reg [31:0] temp38;
    reg [31:0] temp39;
    reg [31:0] temp40;
    reg [31:0] temp41;
    reg [31:0] temp42;
    reg [31:0] temp43;
    reg [31:0] temp44;
    reg [31:0] temp45;
    reg [31:0] temp46;
    reg [31:0] temp47;
    reg [31:0] temp48;
    reg [31:0] temp49;
    reg [31:0] temp50;
    reg [31:0] temp51;
    reg [31:0] temp52;
    reg [31:0] temp53;
    reg [31:0] temp54;
    reg [31:0] temp55;
    reg [31:0] temp56;
    reg [31:0] temp57;
    reg [31:0] temp58;
    reg [31:0] temp59;
    reg [31:0] temp60;
    reg [31:0] temp61;
    reg [31:0] temp62;
    reg [31:0] temp63;
    reg [31:0] temp64;
    reg [31:0] temp65;
    reg [31:0] temp66;
    reg [31:0] temp67;
    reg [31:0] temp68;
    reg [31:0] temp69;
    reg [31:0] temp70;
    reg [31:0] temp71;
    reg [31:0] temp72;
    reg [31:0] temp73;
    reg [31:0] temp74;
    reg [31:0] temp75;
    reg [31:0] temp76;
    reg [31:0] temp77;
    reg [31:0] temp78;
    reg [31:0] temp79;
    reg [31:0] temp80;
    reg [31:0] temp81;
    reg [31:0] temp82;
    reg [31:0] temp83;
    reg [31:0] temp84;
    reg [31:0] temp85;
    reg [31:0] temp86;
    reg [31:0] temp87;
    reg [31:0] temp88;
    reg [31:0] temp89;
    reg [31:0] temp90;
    reg [31:0] temp91;
    reg [31:0] temp92;
    reg [31:0] temp93;
    reg [31:0] temp94;
    reg [31:0] temp95;
    reg [31:0] temp96;
    reg [31:0] temp97;
    reg [31:0] temp98;
    reg [31:0] temp99;
    reg [31:0] temp100;
    reg [31:0] temp101;
    reg [31:0] temp102;
    reg [31:0] temp103;
    reg [31:0] temp104;
    reg [31:0] temp105;
    reg [31:0] temp106;
    reg [31:0] temp107;
    reg [31:0] temp108;
    reg [31:0] temp109;
    reg [31:0] temp110;
    reg [31:0] temp111;
    reg [31:0] temp112;
    reg [31:0] temp113;
    reg [31:0] temp114;
    reg [31:0] temp115;
    reg [31:0] temp116;
    reg [31:0] temp117;
    reg [31:0] temp118;
    reg [31:0] temp119;
    reg [31:0] temp120;
    reg [31:0] temp121;
    reg [31:0] temp122;
    reg [31:0] temp123;
    reg [31:0] temp124;
    reg [31:0] temp125;
    reg [31:0] temp126;
    reg [31:0] temp127;
    reg [31:0] temp128;
    reg [31:0] temp129;
    reg [31:0] temp130;
    reg [31:0] temp131;
    reg [31:0] temp132;
    reg [31:0] temp133;
    reg [31:0] temp134;
    reg [31:0] temp135;
    reg [31:0] temp136;
    reg [31:0] temp137;
    reg [31:0] temp138;
    reg [31:0] temp139;
    reg [31:0] temp140;
    reg [31:0] temp141;
    reg [31:0] temp142;
    reg [31:0] temp143;
    reg [31:0] temp144;
    reg [31:0] temp145;
    reg [31:0] temp146;
    reg [31:0] temp147;
    reg [31:0] temp148;
    reg [31:0] temp149;
    reg [31:0] temp150;
    reg [31:0] temp151;
    reg [31:0]"
N/A,N/A,-1,8.0,1,"//Please finish designing the 32 bit multiplier module (multiplier_32) below.
//There are two 32 bit inputs (A and B) and a 64 bit output (product).
//The module should utilize the inputs (A and B) to determine the output product correctly in its implementation.
module multiplier_32(output [63:0] product, input [31:0] A, B);
    reg [63:0] product;
    reg [31:0] A;
    reg [31:0] B;
    reg [31:0] temp;
    reg [31:0] temp2;
    reg [31:0] temp3;
    reg [31:0] temp4;
    reg [31:0] temp5;
    reg [31:0] temp6;
    reg [31:0] temp7;
    reg [31:0] temp8;
    reg [31:0] temp9;
    reg [31:0] temp10;
    reg [31:0] temp11;
    reg [31:0] temp12;
    reg [31:0] temp13;
    reg [31:0] temp14;
    reg [31:0] temp15;
    reg [31:0] temp16;
    reg [31:0] temp17;
    reg [31:0] temp18;
    reg [31:0] temp19;
    reg [31:0] temp20;
    reg [31:0] temp21;
    reg [31:0] temp22;
    reg [31:0] temp23;
    reg [31:0] temp24;
    reg [31:0] temp25;
    reg [31:0] temp26;
    reg [31:0] temp27;
    reg [31:0] temp28;
    reg [31:0] temp29;
    reg [31:0] temp30;
    reg [31:0] temp31;
    reg [31:0] temp32;
    reg [31:0] temp33;
    reg [31:0] temp34;
    reg [31:0] temp35;
    reg [31:0] temp36;
    reg [31:0] temp37;
    reg [31:0] temp38;
    reg [31:0] temp39;
    reg [31:0] temp40;
    reg [31:0] temp41;
    reg [31:0] temp42;
    reg [31:0] temp43;
    reg [31:0] temp44;
    reg [31:0] temp45;
    reg [31:0] temp46;
    reg [31:0] temp47;
    reg [31:0] temp48;
    reg [31:0] temp49;
    reg [31:0] temp50;
    reg [31:0] temp51;
    reg [31:0] temp52;
    reg [31:0] temp53;
    reg [31:0] temp54;
    reg [31:0] temp55;
    reg [31:0] temp56;
    reg [31:0] temp57;
    reg [31:0] temp58;
    reg [31:0] temp59;
    reg [31:0] temp60;
    reg [31:0] temp61;
    reg [31:0] temp62;
    reg [31:0] temp63;
    reg [31:0] temp64;
    reg [31:0] temp65;
    reg [31:0] temp66;
    reg [31:0] temp67;
    reg [31:0] temp68;
    reg [31:0] temp69;
    reg [31:0] temp70;
    reg [31:0] temp71;
    reg [31:0] temp72;
    reg [31:0] temp73;
    reg [31:0] temp74;
    reg [31:0] temp75;
    reg [31:0] temp76;
    reg [31:0] temp77;
    reg [31:0] temp78;
    reg [31:0] temp79;
    reg [31:0] temp80;
    reg [31:0] temp81;
    reg [31:0] temp82;
    reg [31:0] temp83;
    reg [31:0] temp84;
    reg [31:0] temp85;
    reg [31:0] temp86;
    reg [31:0] temp87;
    reg [31:0] temp88;
    reg [31:0] temp89;
    reg [31:0] temp90;
    reg [31:0] temp91;
    reg [31:0] temp92;
    reg [31:0] temp93;
    reg [31:0] temp94;
    reg [31:0] temp95;
    reg [31:0] temp96;
    reg [31:0] temp97;
    reg [31:0] temp98;
    reg [31:0] temp99;
    reg [31:0] temp100;
    reg [31:0] temp101;
    reg [31:0] temp102;
    reg [31:0] temp103;
    reg [31:0] temp104;
    reg [31:0] temp105;
    reg [31:0] temp106;
    reg [31:0] temp107;
    reg [31:0] temp108;
    reg [31:0] temp109;
    reg [31:0] temp110;
    reg [31:0] temp111;
    reg [31:0] temp112;
    reg [31:0] temp113;
    reg [31:0] temp114;
    reg [31:0] temp115;
    reg [31:0] temp116;
    reg [31:0] temp117;
    reg [31:0] temp118;
    reg [31:0] temp119;
    reg [31:0] temp120;
    reg [31:0] temp121;
    reg [31:0] temp122;
    reg [31:0] temp123;
    reg [31:0] temp124;
    reg [31:0] temp125;
    reg [31:0] temp126;
    reg [31:0] temp127;
    reg [31:0] temp128;
    reg [31:0] temp129;
    reg [31:0] temp130;
    reg [31:0] temp131;
    reg [31:0] temp132;
    reg [31:0] temp133;
    reg [31:0] temp134;
    reg [31:0] temp135;
    reg [31:0] temp136;
    reg [31:0] temp137;
    reg [31:0] temp138;
    reg [31:0] temp139;
    reg [31:0] temp140;
    reg [31:0] temp141;
    reg [31:0] temp142;
    reg [31:0] temp143;
    reg [31:0] temp144;
    reg [31:0] temp145;
    reg [31:0] temp146;
    reg [31:0] temp147;
    reg [31:0] temp148;
    reg [31:0] temp149;
    reg [31:0] temp150;
    reg [31:0] temp151;
    reg [31:0] temp"
7608.93,2659.47,0.1,9.0,1,"//Please finish designing the 32 bit multiplier module (multiplier_32) below.
//There are two 32 bit inputs (A and B) and a 64 bit output (product).
//The module should utilize the inputs (A and B) to determine the output product correctly in its implementation.
module multiplier_32(output [63:0] product, input [31:0] A, B);
	wire [63:0] product;
	wire [31:0] A;
	wire [31:0] B;
	
	assign product = A * B;
	
endmodule"
N/A,N/A,-1,10.0,1,"//Please finish designing the 32 bit multiplier module (multiplier_32) below.
//There are two 32 bit inputs (A and B) and a 64 bit output (product).
//The module should utilize the inputs (A and B) to determine the output product correctly in its implementation.
module multiplier_32(output [63:0] product, input [31:0] A, B);

wire [31:0] A_extended;
wire [31:0] B_extended;
wire [63:0] product_temp;

assign A_extended = {1'b0, A};
assign B_extended = {1'b0, B};

multiplier_32_bit multiplier_32_bit_0(product_temp[31:0], A_extended[0], B_extended[0]);
multiplier_32_bit multiplier_32_bit_1(product_temp[63:32], A_extended[1], B_extended[1]);
multiplier_32_bit multiplier_32_bit_2(product_temp[95:64], A_extended[2], B_extended[2]);
multiplier_32_bit multiplier_32_bit_3(product_temp[127:96], A_extended[3], B_extended[3]);
multiplier_32_bit multiplier_32_bit_4(product_temp[159:128], A_extended[4], B_extended[4]);
multiplier_32_bit multiplier_32_bit_5(product_temp[191:160], A_extended[5], B_extended[5]);
multiplier_32_bit multiplier_32_bit_6(product_temp[223:192], A_extended[6], B_extended[6]);
multiplier_32_bit multiplier_32_bit_7(product_temp[255:224], A_extended[7], B_extended[7]);
multiplier_32_bit multiplier_32_bit_8(product_temp[287:256], A_extended[8], B_extended[8]);
multiplier_32_bit multiplier_32_bit_9(product_temp[319:288], A_extended[9], B_extended[9]);
multiplier_32_bit multiplier_32_bit_10(product_temp[351:320], A_extended[10], B_extended[10]);
multiplier_32_bit multiplier_32_bit_11(product_temp[383:352], A_extended[11], B_extended[11]);
multiplier_32_bit multiplier_32_bit_12(product_temp[415:384], A_extended[12], B_extended[12]);
multiplier_32_bit multiplier_32_bit_13(product_temp[447:416], A_extended[13], B_extended[13]);
multiplier_32_bit multiplier_32_bit_14(product_temp[479:448], A_extended[14], B_extended[14]);
multiplier_32_bit multiplier_32_bit_15(product_temp[511:480], A_extended[15], B_extended[15]);
multiplier_32_bit multiplier_32_bit_16(product_temp[543:512], A_extended[16], B_extended[16]);
multiplier_32_bit multiplier_32_bit_17(product_temp[575:544], A_extended[17], B_extended[17]);
multiplier_32_bit multiplier_32_bit_18(product_temp[607:576], A_extended[18], B_extended[18]);
multiplier_32_bit multiplier_32_bit_19(product_temp[639:608], A_extended[19], B_extended[19]);
multiplier_32_bit multiplier_32_bit_20(product_temp[671:640], A_extended[20], B_extended[20]);
multiplier_32_bit multiplier_32_bit_21(product_temp[703:672], A_extended[21], B_extended[21]);
multiplier_32_bit multiplier_32_bit_22(product_temp[735:704], A_extended[22], B_extended[22]);
multiplier_32_bit multiplier_32_bit_23(product_temp[767:736], A_extended[23], B_extended[23]);
multiplier_32_bit multiplier_32_bit_24(product_temp[799:768], A_extended[24], B_extended[24]);
multiplier_32_bit multiplier_32_bit_25(product_temp[831:800], A_extended[25], B_extended[25]);
multiplier_32_bit multiplier_32_bit_26(product_temp[863:832], A_extended[26], B_extended[26]);
multiplier_32_bit multiplier_32_bit_27(product_temp[895:864], A_extended[27], B_extended[27]);
multiplier_32_bit multiplier_32_bit_28(product_temp[927:896], A_extended[28], B_extended[28]);
multiplier_32_bit multiplier_32_bit_29(product_temp[959:928], A_extended[29], B_extended[29]);
multiplier_32_bit multiplier_32_bit_30(product_temp[991:960], A_extended[30], B_extended[30]);
multiplier_32_bit multiplier_32_bit_31(product_temp[1023:992], A_extended[31], B_extended[31]);

assign product = product_temp;

endmodule"
7608.93,2659.47,0.1,11.0,1,"//Please finish designing the 32 bit multiplier module (multiplier_32) below.
//There are two 32 bit inputs (A and B) and a 64 bit output (product).
//The module should utilize the inputs (A and B) to determine the output product correctly in its implementation.
module multiplier_32(output [63:0] product, input [31:0] A, B);
	wire [63:0] product;
	wire [31:0] A;
	wire [31:0] B;
	
	assign product = A * B;
	
endmodule"
